295376_404759_51835_495166_226961_8405_184377,24361_8531_37435_69428_36835_6192_41741
209353_352082_502493_248928_52516_121785_561186,55047_61969_74027_79423_37988_81642_27032
543957_231338_128955_514217_301207_347700_308752,14378_68394_86428_81142_28444_59332_33724
535393_516500_42347_572602_385444_524059_457659,47524_82625_30630_34828_82646_87550_46179
179965_284084_241003_252132_377853_371651_46535,22918_16025_74456_81175_77987_74203_33673
485224_231060_49331_457292_251702_189071_372871,63271_68230_35599_45926_80971_59496_74928
37039_275125_332875_355863_259104_559873_236060,27101_54779_50153_64352_85852_26136_74510
296033_519053_210371_15379_501493_8944_54160,24863_84332_55640_11241_73403_6560_39075
492967_565447_483484_176955_56508_341621_421346,68057_29875_62186_33205_40812_55781_20757
130869_63022_292763_391444_126728_423909_492354,87578_45315_22510_86670_84951_22558_50000
156914_139675_158370_114093_18000_520749_235314,18987_6353_23975_76993_13113_85470_70859
114142_147174_413719_521159_124477_321701_117668,77024_11743_14901_85783_83350_43036_79293
88956_343933_444487_306431_199628_527649_479916,61332_57121_32940_32060_48684_14680_60003
568948_25765_155892_279563_159504_146582_258559,32320_18935_18272_12668_20989_11332_85452
428039_296464_107836_483090_332646_295159_149961,25543_25173_73174_61924_49987_24194_76659
